Tahun,Kabupaten/Kota,"Kode Wilayah","Luas Panen (Ha)","Produksi Gabah (Ton)","Produksi Beras (Ton)","Produktivitas (Ku/Ha)","Sumber Data","Tipe Sumber",Skenario,Validated,"Validation Notes",Keterangan,"Dibuat Pada","Diupdate Pada"
2025,Bangkalan,3526,"24,448.00","136,910.00","78,997.00",56.28,"Simulasi (Berdasarkan Data BPS Jawa Timur)",simulasi,baseline,Valid,-,"Simulasi Baseline berdasarkan publikasi BPS Jawa Timur 2024. Variasi tahun: 0.3%, Random: -2.5%","2026-08-07 17:21:19","2026-08-08 13:19:26"
2025,Banyuwangi,3510,"85,162.00","510,970.00","294,830.00",58.98,"Simulasi (Berdasarkan Data BPS Jawa Timur)",simulasi,baseline,Valid,-,"Simulasi Baseline berdasarkan publikasi BPS Jawa Timur 2024. Variasi tahun: 1.1%, Random: -0.9%","2026-08-07 17:21:19","2026-08-08 13:19:26"
2025,Blitar,3505,"42,029.00","248,172.00","143,195.00",59.53,"Simulasi (Berdasarkan Data BPS Jawa Timur)",simulasi,baseline,Valid,-,"Simulasi Baseline berdasarkan publikasi BPS Jawa Timur 2024. Variasi tahun: 1.8%, Random: -1.7%","2026-08-07 17:21:19","2026-08-08 13:19:26"
2025,Bojonegoro,3522,"94,905.00","559,439.00","322,796.00",57.88,"Simulasi (Berdasarkan Data BPS Jawa Timur)",simulasi,baseline,Valid,-,"Simulasi Baseline berdasarkan publikasi BPS Jawa Timur 2024. Variasi tahun: 0.1%, Random: -0.2%","2026-08-07 17:21:19","2026-08-08 13:19:26"
2025,Bondowoso,3511,"37,809.00","218,897.00","126,304.00",58.93,"Simulasi (Berdasarkan Data BPS Jawa Timur)",simulasi,baseline,Valid,-,"Simulasi Baseline berdasarkan publikasi BPS Jawa Timur 2024. Variasi tahun: 0.2%, Random: -0.7%","2026-08-07 17:21:19","2026-08-08 13:19:26"
2025,Gresik,3525,"36,057.00","200,891.00","115,914.00",55.72,"Simulasi (Berdasarkan Data BPS Jawa Timur)",simulasi,baseline,Valid,-,"Simulasi Baseline berdasarkan publikasi BPS Jawa Timur 2024. Variasi tahun: 1.1%, Random: 1.9%","2026-08-07 17:21:19","2026-08-08 13:19:26"
2025,Jember,3509,"117,010.00","702,060.00","405,089.00",60.90,"Simulasi (Berdasarkan Data BPS Jawa Timur)",simulasi,baseline,Valid,-,"Simulasi Baseline berdasarkan publikasi BPS Jawa Timur 2024. Variasi tahun: -2.1%, Random: -0.4%","2026-08-07 17:21:19","2026-08-08 13:19:26"
2025,Jombang,3517,"47,957.00","289,739.00","167,179.00",60.36,"Simulasi (Berdasarkan Data BPS Jawa Timur)",simulasi,baseline,Valid,-,"Simulasi Baseline berdasarkan publikasi BPS Jawa Timur 2024. Variasi tahun: 3.0%, Random: -3.0%","2026-08-07 17:21:19","2026-08-08 13:19:26"
2025,Kediri,3506,"54,419.00","324,424.00","187,193.00",60.78,"Simulasi (Berdasarkan Data BPS Jawa Timur)",simulasi,baseline,Valid,-,"Simulasi Baseline berdasarkan publikasi BPS Jawa Timur 2024. Variasi tahun: 2.4%, Random: 2.2%","2026-08-07 17:21:19","2026-08-08 13:19:26"
2025,"Kota Batu",3579,"1,494.00","8,465.00","4,884.00",56.09,"Simulasi (Berdasarkan Data BPS Jawa Timur)",simulasi,baseline,Valid,-,"Simulasi Baseline berdasarkan publikasi BPS Jawa Timur 2024. Variasi tahun: -1.2%, Random: 0.8%","2026-08-07 17:21:19","2026-08-08 13:19:26"
2025,"Kota Blitar",3572,"1,984.00","10,910.00","6,295.00",55.00,"Simulasi (Berdasarkan Data BPS Jawa Timur)",simulasi,baseline,Valid,-,"Simulasi Baseline berdasarkan publikasi BPS Jawa Timur 2024. Variasi tahun: -1.8%, Random: 1.0%","2026-08-07 17:21:19","2026-08-08 13:19:26"
2025,"Kota Kediri",3571,"1,796.00","9,979.00","5,758.00",56.28,"Simulasi (Berdasarkan Data BPS Jawa Timur)",simulasi,baseline,Valid,-,"Simulasi Baseline berdasarkan publikasi BPS Jawa Timur 2024. Variasi tahun: -1.0%, Random: 0.8%","2026-08-07 17:21:19","2026-08-08 13:19:26"
2025,"Kota Madiun",3577,"1,178.00","6,676.00","3,852.00",57.46,"Simulasi (Berdasarkan Data BPS Jawa Timur)",simulasi,baseline,Valid,-,"Simulasi Baseline berdasarkan publikasi BPS Jawa Timur 2024. Variasi tahun: 0.9%, Random: -2.7%","2026-08-07 17:21:19","2026-08-08 13:19:26"
2025,"Kota Malang",3573,"1,010.00","5,554.00","3,205.00",54.34,"Simulasi (Berdasarkan Data BPS Jawa Timur)",simulasi,baseline,Valid,-,"Simulasi Baseline berdasarkan publikasi BPS Jawa Timur 2024. Variasi tahun: -0.6%, Random: 1.6%","2026-08-07 17:21:19","2026-08-08 13:19:26"
2025,"Kota Mojokerto",3576,834.00,"4,587.00","2,647.00",55.22,"Simulasi (Berdasarkan Data BPS Jawa Timur)",simulasi,baseline,Valid,-,"Simulasi Baseline berdasarkan publikasi BPS Jawa Timur 2024. Variasi tahun: 1.7%, Random: 2.5%","2026-08-07 17:21:19","2026-08-08 13:19:26"
2025,"Kota Pasuruan",3575,585.00,"3,218.00","1,857.00",55.06,"Simulasi (Berdasarkan Data BPS Jawa Timur)",simulasi,baseline,Valid,-,"Simulasi Baseline berdasarkan publikasi BPS Jawa Timur 2024. Variasi tahun: -2.4%, Random: -0.1%","2026-08-07 17:21:19","2026-08-08 13:19:26"
2025,"Kota Probolinggo",3574,"1,506.00","8,231.00","4,749.00",55.28,"Simulasi (Berdasarkan Data BPS Jawa Timur)",simulasi,baseline,Valid,-,"Simulasi Baseline berdasarkan publikasi BPS Jawa Timur 2024. Variasi tahun: 1.6%, Random: -1.2%","2026-08-07 17:21:19","2026-08-08 13:19:26"
2025,"Kota Surabaya",3578,499.00,"2,496.00","1,440.00",49.70,"Simulasi (Berdasarkan Data BPS Jawa Timur)",simulasi,baseline,Valid,-,"Simulasi Baseline berdasarkan publikasi BPS Jawa Timur 2024. Variasi tahun: -2.1%, Random: 2.0%","2026-08-07 17:21:19","2026-08-08 13:19:26"
2025,Lamongan,3524,"110,529.00","652,649.00","376,578.00",59.94,"Simulasi (Berdasarkan Data BPS Jawa Timur)",simulasi,baseline,Valid,-,"Simulasi Baseline berdasarkan publikasi BPS Jawa Timur 2024. Variasi tahun: 3.0%, Random: 2.2%","2026-08-07 17:21:19","2026-08-08 13:19:26"
2025,Lumajang,3508,"56,105.00","336,628.00","194,234.00",59.28,"Simulasi (Berdasarkan Data BPS Jawa Timur)",simulasi,baseline,Valid,-,"Simulasi Baseline berdasarkan publikasi BPS Jawa Timur 2024. Variasi tahun: 0.6%, Random: 1.4%","2026-08-07 17:21:19","2026-08-08 13:19:26"
2025,Madiun,3519,"46,079.00","271,353.00","156,571.00",60.06,"Simulasi (Berdasarkan Data BPS Jawa Timur)",simulasi,baseline,Valid,-,"Simulasi Baseline berdasarkan publikasi BPS Jawa Timur 2024. Variasi tahun: -0.1%, Random: 2.5%","2026-08-07 17:21:19","2026-08-08 13:19:26"
2025,Magetan,3520,"33,454.00","196,545.00","113,406.00",59.00,"Simulasi (Berdasarkan Data BPS Jawa Timur)",simulasi,baseline,Valid,-,"Simulasi Baseline berdasarkan publikasi BPS Jawa Timur 2024. Variasi tahun: 1.5%, Random: 3.0%","2026-08-07 17:21:20","2026-08-08 13:19:26"
2025,Malang,3507,"65,366.00","392,198.00","226,298.00",59.46,"Simulasi (Berdasarkan Data BPS Jawa Timur)",simulasi,baseline,Valid,-,"Simulasi Baseline berdasarkan publikasi BPS Jawa Timur 2024. Variasi tahun: -3.0%, Random: -0.9%","2026-08-07 17:21:20","2026-08-08 13:19:26"
2025,Mojokerto,3516,"38,493.00","226,905.00","130,924.00",57.82,"Simulasi (Berdasarkan Data BPS Jawa Timur)",simulasi,baseline,Valid,-,"Simulasi Baseline berdasarkan publikasi BPS Jawa Timur 2024. Variasi tahun: -0.2%, Random: 1.5%","2026-08-07 17:21:20","2026-08-08 13:19:26"
2025,Nganjuk,3518,"64,568.00","385,325.00","222,333.00",58.92,"Simulasi (Berdasarkan Data BPS Jawa Timur)",simulasi,baseline,Valid,-,"Simulasi Baseline berdasarkan publikasi BPS Jawa Timur 2024. Variasi tahun: 2.0%, Random: 2.1%","2026-08-07 17:21:20","2026-08-08 13:19:26"
2025,Ngawi,3521,"79,252.00","475,510.00","274,369.00",60.12,"Simulasi (Berdasarkan Data BPS Jawa Timur)",simulasi,baseline,Valid,-,"Simulasi Baseline berdasarkan publikasi BPS Jawa Timur 2024. Variasi tahun: 0.4%, Random: 1.2%","2026-08-07 17:21:20","2026-08-08 13:19:26"
2025,Pacitan,3501,"27,359.00","161,220.00","93,024.00",57.82,"Simulasi (Berdasarkan Data BPS Jawa Timur)",simulasi,baseline,Valid,-,"Simulasi Baseline berdasarkan publikasi BPS Jawa Timur 2024. Variasi tahun: -0.5%, Random: -1.8%","2026-08-07 17:21:20","2026-08-08 13:19:26"
2025,Pamekasan,3528,"22,820.00","124,470.00","71,819.00",54.07,"Simulasi (Berdasarkan Data BPS Jawa Timur)",simulasi,baseline,Valid,-,"Simulasi Baseline berdasarkan publikasi BPS Jawa Timur 2024. Variasi tahun: 0.9%, Random: 2.8%","2026-08-07 17:21:20","2026-08-08 13:19:26"
2025,Pasuruan,3514,"57,244.00","343,466.00","198,180.00",59.46,"Simulasi (Berdasarkan Data BPS Jawa Timur)",simulasi,baseline,Valid,-,"Simulasi Baseline berdasarkan publikasi BPS Jawa Timur 2024. Variasi tahun: -1.5%, Random: 0.2%","2026-08-07 17:21:20","2026-08-08 13:19:26"
2025,Ponorogo,3502,"47,981.00","284,886.00","164,379.00",59.53,"Simulasi (Berdasarkan Data BPS Jawa Timur)",simulasi,baseline,Valid,-,"Simulasi Baseline berdasarkan publikasi BPS Jawa Timur 2024. Variasi tahun: -2.0%, Random: 2.0%","2026-08-07 17:21:20","2026-08-08 13:19:26"
2025,Probolinggo,3513,"53,030.00","316,141.00","182,413.00",60.66,"Simulasi (Berdasarkan Data BPS Jawa Timur)",simulasi,baseline,Valid,-,"Simulasi Baseline berdasarkan publikasi BPS Jawa Timur 2024. Variasi tahun: -0.7%, Random: 2.7%","2026-08-07 17:21:20","2026-08-08 13:19:26"
2025,Sampang,3527,"28,292.00","156,617.00","90,368.00",54.18,"Simulasi (Berdasarkan Data BPS Jawa Timur)",simulasi,baseline,Valid,-,"Simulasi Baseline berdasarkan publikasi BPS Jawa Timur 2024. Variasi tahun: -1.9%, Random: 3.0%","2026-08-07 17:21:20","2026-08-08 13:19:26"
2025,Sidoarjo,3515,"18,429.00","102,386.00","59,077.00",55.44,"Simulasi (Berdasarkan Data BPS Jawa Timur)",simulasi,baseline,Valid,-,"Simulasi Baseline berdasarkan publikasi BPS Jawa Timur 2024. Variasi tahun: 2.9%, Random: -0.5%","2026-08-07 17:21:20","2026-08-08 13:19:26"
2025,Situbondo,3512,"35,633.00","198,526.00","114,550.00",56.06,"Simulasi (Berdasarkan Data BPS Jawa Timur)",simulasi,baseline,Valid,-,"Simulasi Baseline berdasarkan publikasi BPS Jawa Timur 2024. Variasi tahun: 0.8%, Random: 1.0%","2026-08-07 17:21:20","2026-08-08 13:19:26"
2025,Sumenep,3529,"46,356.00","257,536.00","148,598.00",56.50,"Simulasi (Berdasarkan Data BPS Jawa Timur)",simulasi,baseline,Valid,-,"Simulasi Baseline berdasarkan publikasi BPS Jawa Timur 2024. Variasi tahun: 2.4%, Random: 0.6%","2026-08-07 17:21:20","2026-08-08 13:19:26"
2025,Trenggalek,3503,"32,208.00","191,236.00","110,343.00",59.94,"Simulasi (Berdasarkan Data BPS Jawa Timur)",simulasi,baseline,Valid,-,"Simulasi Baseline berdasarkan publikasi BPS Jawa Timur 2024. Variasi tahun: 2.6%, Random: -1.9%","2026-08-07 17:21:20","2026-08-08 13:19:26"
2025,Tuban,3523,"74,060.00","434,482.00","250,696.00",59.30,"Simulasi (Berdasarkan Data BPS Jawa Timur)",simulasi,baseline,Valid,-,"Simulasi Baseline berdasarkan publikasi BPS Jawa Timur 2024. Variasi tahun: 1.8%, Random: -3.0%","2026-08-07 17:21:20","2026-08-08 13:19:26"
2025,Tulungagung,3504,"43,142.00","256,796.00","148,171.00",59.22,"Simulasi (Berdasarkan Data BPS Jawa Timur)",simulasi,baseline,Valid,-,"Simulasi Baseline berdasarkan publikasi BPS Jawa Timur 2024. Variasi tahun: 1.4%, Random: 1.3%","2026-08-07 17:21:20","2026-08-08 13:19:26"
2024,Bangkalan,3526,"39,554.55","189,161.90","109,225.90",47.82,"KSA BPS 2024",manual,baseline,Valid,-,"Sumber: Survei KSA BPS, Angka Tetap","2026-08-07 17:21:19","2026-08-07 17:21:19"
2024,Banyuwangi,3510,"67,240.56","395,631.38","228,445.54",58.84,"KSA BPS 2024",manual,baseline,Valid,-,"Sumber: Survei KSA BPS, Angka Tetap","2026-08-07 17:21:19","2026-08-07 17:21:19"
2024,Blitar,3505,"30,789.76","171,154.02","98,827.77",55.59,"KSA BPS 2024",manual,baseline,Valid,-,"Sumber: Survei KSA BPS, Angka Tetap","2026-08-07 17:21:19","2026-08-07 17:21:19"
2024,Bojonegoro,3522,"131,220.56","710,527.18","410,272.70",54.15,"KSA BPS 2024",manual,baseline,Valid,-,"Sumber: Survei KSA BPS, Angka Tetap","2026-08-07 17:21:19","2026-08-07 17:21:19"
2024,Bondowoso,3511,"50,609.62","259,477.68","149,827.65",51.27,"KSA BPS 2024",manual,baseline,Valid,-,"Sumber: Survei KSA BPS, Angka Tetap","2026-08-07 17:21:19","2026-08-07 17:21:19"
2024,Gresik,3525,"54,057.45","328,959.53","189,947.86",60.85,"KSA BPS 2024",manual,baseline,Valid,-,"Sumber: Survei KSA BPS, Angka Tetap","2026-08-07 17:21:19","2026-08-07 17:21:19"
2024,Jember,3509,"120,069.41","623,264.88","359,885.69",51.91,"KSA BPS 2024",manual,baseline,Valid,-,"Sumber: Survei KSA BPS, Angka Tetap","2026-08-07 17:21:19","2026-08-07 17:21:19"
2024,Jombang,3517,"55,369.46","342,291.32","197,645.90",61.82,"KSA BPS 2024",manual,baseline,Valid,-,"Sumber: Survei KSA BPS, Angka Tetap","2026-08-07 17:21:19","2026-08-07 17:21:19"
2024,Kediri,3506,"30,496.57","174,072.20","100,512.80",57.08,"KSA BPS 2024",manual,baseline,Valid,-,"Sumber: Survei KSA BPS, Angka Tetap","2026-08-07 17:21:19","2026-08-07 17:21:19"
2024,"Kota Batu",3579,503.25,"3,659.41","2,113.03",72.72,"KSA BPS 2024",manual,baseline,Valid,-,"Sumber: Survei KSA BPS, Angka Tetap","2026-08-07 17:21:19","2026-08-07 17:21:19"
2024,"Kota Blitar",3572,574.04,"3,722.17","2,149.26",64.84,"KSA BPS 2024",manual,baseline,Valid,-,"Sumber: Survei KSA BPS, Angka Tetap","2026-08-07 17:21:19","2026-08-07 17:21:19"
2024,"Kota Kediri",3571,"1,328.15","8,392.91","4,846.25",63.19,"KSA BPS 2024",manual,baseline,Valid,-,"Sumber: Survei KSA BPS, Angka Tetap","2026-08-07 17:21:19","2026-08-07 17:21:19"
2024,"Kota Madiun",3577,"2,190.08","12,610.42","7,281.50",57.58,"KSA BPS 2024",manual,baseline,Valid,-,"Sumber: Survei KSA BPS, Angka Tetap","2026-08-07 17:21:19","2026-08-07 17:21:19"
2024,"Kota Malang",3573,"1,610.91","10,496.65","6,060.97",65.16,"KSA BPS 2024",manual,baseline,Valid,-,"Sumber: Survei KSA BPS, Angka Tetap","2026-08-07 17:21:19","2026-08-07 17:21:19"
2024,"Kota Mojokerto",3576,571.10,"3,449.63","1,991.89",60.40,"KSA BPS 2024",manual,baseline,Valid,-,"Sumber: Survei KSA BPS, Angka Tetap","2026-08-07 17:21:19","2026-08-07 17:21:19"
2024,"Kota Pasuruan",3575,"1,574.89","8,665.29","5,003.52",55.02,"KSA BPS 2024",manual,baseline,Valid,-,"Sumber: Survei KSA BPS, Angka Tetap","2026-08-07 17:21:19","2026-08-07 17:21:19"
2024,"Kota Probolinggo",3574,"1,391.07","8,494.14","4,904.69",61.06,"KSA BPS 2024",manual,baseline,Valid,-,"Sumber: Survei KSA BPS, Angka Tetap","2026-08-07 17:21:19","2026-08-07 17:21:19"
2024,"Kota Surabaya",3578,"1,321.75","7,340.42","4,238.50",55.54,"KSA BPS 2024",manual,baseline,Valid,-,"Sumber: Survei KSA BPS, Angka Tetap","2026-08-07 17:21:19","2026-08-07 17:21:19"
2024,Lamongan,3524,"130,670.42","776,290.66","448,245.88",59.41,"KSA BPS 2024",manual,baseline,Valid,-,"Sumber: Survei KSA BPS, Angka Tetap","2026-08-07 17:21:19","2026-08-07 17:21:19"
2024,Lumajang,3508,"47,553.88","257,120.65","148,466.65",54.07,"KSA BPS 2024",manual,baseline,Valid,-,"Sumber: Survei KSA BPS, Angka Tetap","2026-08-07 17:21:19","2026-08-07 17:21:19"
2024,Madiun,3519,"73,419.94","437,458.25","252,597.18",59.58,"KSA BPS 2024",manual,baseline,Valid,-,"Sumber: Survei KSA BPS, Angka Tetap","2026-08-07 17:21:19","2026-08-07 17:21:19"
2024,Magetan,3520,"43,404.62","272,246.05","157,200.36",62.72,"KSA BPS 2024",manual,baseline,Valid,-,"Sumber: Survei KSA BPS, Angka Tetap","2026-08-07 17:21:19","2026-08-07 17:21:19"
2024,Malang,3507,"41,019.97","254,793.72","147,123.04",62.11,"KSA BPS 2024",manual,baseline,Valid,-,"Sumber: Survei KSA BPS, Angka Tetap","2026-08-07 17:21:19","2026-08-07 17:21:19"
2024,Mojokerto,3516,"47,296.06","285,714.44","164,977.26",60.41,"KSA BPS 2024",manual,baseline,Valid,-,"Sumber: Survei KSA BPS, Angka Tetap","2026-08-07 17:21:19","2026-08-07 17:21:19"
2024,Nganjuk,3518,"69,685.57","404,975.09","233,840.77",58.11,"KSA BPS 2024",manual,baseline,Valid,-,"Sumber: Survei KSA BPS, Angka Tetap","2026-08-07 17:21:19","2026-08-07 17:21:19"
2024,Ngawi,3521,"123,075.68","765,703.53","442,132.64",62.21,"KSA BPS 2024",manual,baseline,Valid,-,"Sumber: Survei KSA BPS, Angka Tetap","2026-08-07 17:21:19","2026-08-07 17:21:19"
2024,Pacitan,3501,"14,602.85","69,650.98","40,217.87",47.70,"KSA BPS 2024",manual,baseline,Valid,-,"Sumber: Survei KSA BPS, Angka Tetap","2026-08-07 17:21:19","2026-08-07 17:21:19"
2024,Pamekasan,3528,"19,637.62","101,501.42","58,608.96",51.69,"KSA BPS 2024",manual,baseline,Valid,-,"Sumber: Survei KSA BPS, Angka Tetap","2026-08-07 17:21:19","2026-08-07 17:21:19"
2024,Pasuruan,3514,"51,087.00","277,354.51","160,150.07",54.29,"KSA BPS 2024",manual,baseline,Valid,-,"Sumber: Survei KSA BPS, Angka Tetap","2026-08-07 17:21:19","2026-08-07 17:21:19"
2024,Ponorogo,3502,"63,395.60","379,244.91","218,983.65",59.82,"KSA BPS 2024",manual,baseline,Valid,-,"Sumber: Survei KSA BPS, Angka Tetap","2026-08-07 17:21:19","2026-08-07 17:21:19"
2024,Probolinggo,3513,"33,177.95","177,607.38","102,554.10",53.53,"KSA BPS 2024",manual,baseline,Valid,-,"Sumber: Survei KSA BPS, Angka Tetap","2026-08-07 17:21:19","2026-08-07 17:21:19"
2024,Sampang,3527,"33,068.93","145,931.75","84,263.94",44.13,"KSA BPS 2024",manual,baseline,Valid,-,"Sumber: Survei KSA BPS, Angka Tetap","2026-08-07 17:21:19","2026-08-07 17:21:19"
2024,Sidoarjo,3515,"32,100.11","208,986.70","120,673.11",65.10,"KSA BPS 2024",manual,baseline,Valid,-,"Sumber: Survei KSA BPS, Angka Tetap","2026-08-07 17:21:19","2026-08-07 17:21:19"
2024,Situbondo,3512,"29,935.08","162,236.82","93,678.79",54.20,"KSA BPS 2024",manual,baseline,Valid,-,"Sumber: Survei KSA BPS, Angka Tetap","2026-08-07 17:21:19","2026-08-07 17:21:19"
2024,Sumenep,3529,"36,761.47","189,499.69","109,420.94",51.55,"KSA BPS 2024",manual,baseline,Valid,-,"Sumber: Survei KSA BPS, Angka Tetap","2026-08-07 17:21:19","2026-08-07 17:21:19"
2024,Trenggalek,3503,"18,239.46","104,859.35","60,547.89",57.49,"KSA BPS 2024",manual,baseline,Valid,-,"Sumber: Survei KSA BPS, Angka Tetap","2026-08-07 17:21:19","2026-08-07 17:21:19"
2024,Tuban,3523,"84,211.69","523,067.49","302,029.69",62.11,"KSA BPS 2024",manual,baseline,Valid,-,"Sumber: Survei KSA BPS, Angka Tetap","2026-08-07 17:21:19","2026-08-07 17:21:19"
2024,Tulungagung,3504,"34,167.99","214,820.77","124,041.83",62.87,"KSA BPS 2024",manual,baseline,Valid,-,"Sumber: Survei KSA BPS, Angka Tetap","2026-08-07 17:21:19","2026-08-07 17:21:19"
2023,Bangkalan,3526,"38,011.82","186,257.96","107,549.10",49.00,"KSA BPS 2023",manual,baseline,Valid,-,"Sumber: Survei KSA BPS, Angka Tetap","2026-08-07 17:21:19","2026-08-07 17:21:19"
2023,Banyuwangi,3510,"75,062.48","454,768.46","262,592.47",60.59,"KSA BPS 2023",manual,baseline,Valid,-,"Sumber: Survei KSA BPS, Angka Tetap","2026-08-07 17:21:19","2026-08-07 17:21:19"
2023,Blitar,3505,"36,340.17","240,224.41","138,710.42",66.10,"KSA BPS 2023",manual,baseline,Valid,-,"Sumber: Survei KSA BPS, Angka Tetap","2026-08-07 17:21:19","2026-08-07 17:21:19"
2023,Bojonegoro,3522,"132,712.02","705,962.63","407,637.03",53.20,"KSA BPS 2023",manual,baseline,Valid,-,"Sumber: Survei KSA BPS, Angka Tetap","2026-08-07 17:21:19","2026-08-07 17:21:19"
2023,Bondowoso,3511,"50,364.98","247,778.74","143,072.44",49.20,"KSA BPS 2023",manual,baseline,Valid,-,"Sumber: Survei KSA BPS, Angka Tetap","2026-08-07 17:21:19","2026-08-07 17:21:19"
2023,Gresik,3525,"66,202.61","417,428.58","241,031.68",63.05,"KSA BPS 2023",manual,baseline,Valid,-,"Sumber: Survei KSA BPS, Angka Tetap","2026-08-07 17:21:19","2026-08-07 17:21:19"
2023,Jember,3509,"120,187.87","616,725.77","356,109.87",51.31,"KSA BPS 2023",manual,baseline,Valid,-,"Sumber: Survei KSA BPS, Angka Tetap","2026-08-07 17:21:19","2026-08-07 17:21:19"
2023,Jombang,3517,"56,762.71","346,873.45","200,291.71",61.11,"KSA BPS 2023",manual,baseline,Valid,-,"Sumber: Survei KSA BPS, Angka Tetap","2026-08-07 17:21:19","2026-08-07 17:21:19"
2023,Kediri,3506,"31,268.33","183,533.76","105,976.09",58.70,"KSA BPS 2023",manual,baseline,Valid,-,"Sumber: Survei KSA BPS, Angka Tetap","2026-08-07 17:21:19","2026-08-07 17:21:19"
2023,"Kota Batu",3579,727.29,"4,862.81","2,807.87",66.86,"KSA BPS 2023",manual,baseline,Valid,-,"Sumber: Survei KSA BPS, Angka Tetap","2026-08-07 17:21:19","2026-08-07 17:21:19"
2023,"Kota Blitar",3572,786.57,"5,636.68","3,254.74",71.66,"KSA BPS 2023",manual,baseline,Valid,-,"Sumber: Survei KSA BPS, Angka Tetap","2026-08-07 17:21:19","2026-08-07 17:21:19"
2023,"Kota Kediri",3571,"1,519.69","8,271.57","4,776.18",54.43,"KSA BPS 2023",manual,baseline,Valid,-,"Sumber: Survei KSA BPS, Angka Tetap","2026-08-07 17:21:19","2026-08-07 17:21:19"
2023,"Kota Madiun",3577,"2,204.48","12,169.62","7,026.97",55.20,"KSA BPS 2023",manual,baseline,Valid,-,"Sumber: Survei KSA BPS, Angka Tetap","2026-08-07 17:21:19","2026-08-07 17:21:19"
2023,"Kota Malang",3573,"1,632.88","10,318.57","5,958.16",63.19,"KSA BPS 2023",manual,baseline,Valid,-,"Sumber: Survei KSA BPS, Angka Tetap","2026-08-07 17:21:19","2026-08-07 17:21:19"
2023,"Kota Mojokerto",3576,620.48,"3,292.78","1,901.31",53.07,"KSA BPS 2023",manual,baseline,Valid,-,"Sumber: Survei KSA BPS, Angka Tetap","2026-08-07 17:21:19","2026-08-07 17:21:19"
2023,"Kota Pasuruan",3575,"1,374.70","8,020.03","4,630.94",58.34,"KSA BPS 2023",manual,baseline,Valid,-,"Sumber: Survei KSA BPS, Angka Tetap","2026-08-07 17:21:19","2026-08-07 17:21:19"
2023,"Kota Probolinggo",3574,"1,309.44","7,502.06","4,331.85",57.29,"KSA BPS 2023",manual,baseline,Valid,-,"Sumber: Survei KSA BPS, Angka Tetap","2026-08-07 17:21:19","2026-08-07 17:21:19"
2023,"Kota Surabaya",3578,"1,506.01","8,068.88","4,659.13",53.58,"KSA BPS 2023",manual,baseline,Valid,-,"Sumber: Survei KSA BPS, Angka Tetap","2026-08-07 17:21:19","2026-08-07 17:21:19"
2023,Lamongan,3524,"139,704.81","798,704.85","461,188.28",57.17,"KSA BPS 2023",manual,baseline,Valid,-,"Sumber: Survei KSA BPS, Angka Tetap","2026-08-07 17:21:19","2026-08-07 17:21:19"
2023,Lumajang,3508,"55,128.79","308,646.08","178,218.47",55.99,"KSA BPS 2023",manual,baseline,Valid,-,"Sumber: Survei KSA BPS, Angka Tetap","2026-08-07 17:21:19","2026-08-07 17:21:19"
2023,Madiun,3519,"74,784.95","437,593.08","252,675.05",58.51,"KSA BPS 2023",manual,baseline,Valid,-,"Sumber: Survei KSA BPS, Angka Tetap","2026-08-07 17:21:19","2026-08-07 17:21:19"
2023,Magetan,3520,"44,424.00","280,592.09","162,019.53",63.16,"KSA BPS 2023",manual,baseline,Valid,-,"Sumber: Survei KSA BPS, Angka Tetap","2026-08-07 17:21:19","2026-08-07 17:21:19"
2023,Malang,3507,"43,918.59","279,365.91","161,311.50",63.61,"KSA BPS 2023",manual,baseline,Valid,-,"Sumber: Survei KSA BPS, Angka Tetap","2026-08-07 17:21:19","2026-08-07 17:21:19"
2023,Mojokerto,3516,"53,462.15","302,890.75","174,895.22",56.66,"KSA BPS 2023",manual,baseline,Valid,-,"Sumber: Survei KSA BPS, Angka Tetap","2026-08-07 17:21:19","2026-08-07 17:21:19"
2023,Nganjuk,3518,"72,039.49","418,096.11","241,417.14",58.04,"KSA BPS 2023",manual,baseline,Valid,-,"Sumber: Survei KSA BPS, Angka Tetap","2026-08-07 17:21:19","2026-08-07 17:21:19"
2023,Ngawi,3521,"124,922.92","771,251.37","445,336.10",61.74,"KSA BPS 2023",manual,baseline,Valid,-,"Sumber: Survei KSA BPS, Angka Tetap","2026-08-07 17:21:19","2026-08-07 17:21:19"
2023,Pacitan,3501,"17,923.40","92,992.64","53,695.84",51.88,"KSA BPS 2023",manual,baseline,Valid,-,"Sumber: Survei KSA BPS, Angka Tetap","2026-08-07 17:21:19","2026-08-07 17:21:19"
2023,Pamekasan,3528,"19,884.36","108,483.14","62,640.34",54.56,"KSA BPS 2023",manual,baseline,Valid,-,"Sumber: Survei KSA BPS, Angka Tetap","2026-08-07 17:21:19","2026-08-07 17:21:19"
2023,Pasuruan,3514,"48,999.14","260,061.94","150,164.99",53.07,"KSA BPS 2023",manual,baseline,Valid,-,"Sumber: Survei KSA BPS, Angka Tetap","2026-08-07 17:21:19","2026-08-07 17:21:19"
2023,Ponorogo,3502,"66,594.55","392,994.08","226,922.69",59.01,"KSA BPS 2023",manual,baseline,Valid,-,"Sumber: Survei KSA BPS, Angka Tetap","2026-08-07 17:21:19","2026-08-07 17:21:19"
2023,Probolinggo,3513,"35,121.69","201,044.34","116,087.05",57.24,"KSA BPS 2023",manual,baseline,Valid,-,"Sumber: Survei KSA BPS, Angka Tetap","2026-08-07 17:21:19","2026-08-07 17:21:19"
2023,Sampang,3527,"34,795.54","167,191.35","96,539.65",48.05,"KSA BPS 2023",manual,baseline,Valid,-,"Sumber: Survei KSA BPS, Angka Tetap","2026-08-07 17:21:19","2026-08-07 17:21:19"
2023,Sidoarjo,3515,"31,030.46","195,855.35","113,090.82",63.12,"KSA BPS 2023",manual,baseline,Valid,-,"Sumber: Survei KSA BPS, Angka Tetap","2026-08-07 17:21:19","2026-08-07 17:21:19"
2023,Situbondo,3512,"27,917.32","157,273.25","90,812.73",56.34,"KSA BPS 2023",manual,baseline,Valid,-,"Sumber: Survei KSA BPS, Angka Tetap","2026-08-07 17:21:19","2026-08-07 17:21:19"
2023,Sumenep,3529,"42,432.97","217,810.48","125,768.19",51.33,"KSA BPS 2023",manual,baseline,Valid,-,"Sumber: Survei KSA BPS, Angka Tetap","2026-08-07 17:21:19","2026-08-07 17:21:19"
2023,Trenggalek,3503,"22,049.36","114,874.53","66,330.87",52.10,"KSA BPS 2023",manual,baseline,Valid,-,"Sumber: Survei KSA BPS, Angka Tetap","2026-08-07 17:21:19","2026-08-07 17:21:19"
2023,Tuban,3523,"84,115.63","501,741.12","289,715.44",59.65,"KSA BPS 2023",manual,baseline,Valid,-,"Sumber: Survei KSA BPS, Angka Tetap","2026-08-07 17:21:19","2026-08-07 17:21:19"
2023,Tulungagung,3504,"40,238.66","235,502.11","135,983.67",58.53,"KSA BPS 2023",manual,baseline,Valid,-,"Sumber: Survei KSA BPS, Angka Tetap","2026-08-07 17:21:19","2026-08-07 17:21:19"
2022,Bangkalan,3526,"40,717.81","198,122.71","114,400.05",48.66,"KSA BPS 2022",manual,baseline,Valid,-,"Sumber: Survei KSA BPS, Angka Tetap","2026-08-07 17:21:18","2026-08-07 17:21:18"
2022,Banyuwangi,3510,"76,748.03","462,205.98","266,887.02",60.22,"KSA BPS 2022",manual,baseline,Valid,-,"Sumber: Survei KSA BPS, Angka Tetap","2026-08-07 17:21:18","2026-08-07 17:21:18"
2022,Blitar,3505,"34,137.74","215,482.79","124,424.09",63.12,"KSA BPS 2022",manual,baseline,Valid,-,"Sumber: Survei KSA BPS, Angka Tetap","2026-08-07 17:21:18","2026-08-07 17:21:18"
2022,Bojonegoro,3522,"133,665.50","704,288.94","406,670.62",52.69,"KSA BPS 2022",manual,baseline,Valid,-,"Sumber: Survei KSA BPS, Angka Tetap","2026-08-07 17:21:18","2026-08-07 17:21:18"
2022,Bondowoso,3511,"48,240.70","238,677.65","137,817.30",49.48,"KSA BPS 2022",manual,baseline,Valid,-,"Sumber: Survei KSA BPS, Angka Tetap","2026-08-07 17:21:18","2026-08-07 17:21:18"
2022,Gresik,3525,"63,287.20","411,242.20","237,459.53",64.98,"KSA BPS 2022",manual,baseline,Valid,-,"Sumber: Survei KSA BPS, Angka Tetap","2026-08-07 17:21:18","2026-08-07 17:21:18"
2022,Jember,3509,"118,489.25","607,371.19","350,708.35",51.26,"KSA BPS 2022",manual,baseline,Valid,-,"Sumber: Survei KSA BPS, Angka Tetap","2026-08-07 17:21:18","2026-08-07 17:21:18"
2022,Jombang,3517,"54,896.68","337,172.14","194,689.98",61.42,"KSA BPS 2022",manual,baseline,Valid,-,"Sumber: Survei KSA BPS, Angka Tetap","2026-08-07 17:21:18","2026-08-07 17:21:18"
2022,Kediri,3506,"29,379.86","168,853.55","97,499.45",57.47,"KSA BPS 2022",manual,baseline,Valid,-,"Sumber: Survei KSA BPS, Angka Tetap","2026-08-07 17:21:18","2026-08-07 17:21:18"
2022,"Kota Batu",3579,"1,059.45","6,762.57","3,904.84",63.83,"KSA BPS 2022",manual,baseline,Valid,-,"Sumber: Survei KSA BPS, Angka Tetap","2026-08-07 17:21:18","2026-08-07 17:21:18"
2022,"Kota Blitar",3572,728.19,"5,212.13","3,009.59",71.58,"KSA BPS 2022",manual,baseline,Valid,-,"Sumber: Survei KSA BPS, Angka Tetap","2026-08-07 17:21:18","2026-08-07 17:21:18"
2022,"Kota Kediri",3571,"1,864.13","10,197.50","5,888.24",54.70,"KSA BPS 2022",manual,baseline,Valid,-,"Sumber: Survei KSA BPS, Angka Tetap","2026-08-07 17:21:18","2026-08-07 17:21:18"
2022,"Kota Madiun",3577,"2,194.58","11,453.92","6,613.73",52.19,"KSA BPS 2022",manual,baseline,Valid,-,"Sumber: Survei KSA BPS, Angka Tetap","2026-08-07 17:21:18","2026-08-07 17:21:18"
2022,"Kota Malang",3573,"1,718.11","10,771.15","6,219.47",62.69,"KSA BPS 2022",manual,baseline,Valid,-,"Sumber: Survei KSA BPS, Angka Tetap","2026-08-07 17:21:18","2026-08-07 17:21:18"
2022,"Kota Mojokerto",3576,833.03,"5,032.96","2,906.13",60.42,"KSA BPS 2022",manual,baseline,Valid,-,"Sumber: Survei KSA BPS, Angka Tetap","2026-08-07 17:21:18","2026-08-07 17:21:18"
2022,"Kota Pasuruan",3575,"1,393.98","7,293.69","4,211.51",52.32,"KSA BPS 2022",manual,baseline,Valid,-,"Sumber: Survei KSA BPS, Angka Tetap","2026-08-07 17:21:18","2026-08-07 17:21:18"
2022,"Kota Probolinggo",3574,"1,323.99","8,103.92","4,679.36",61.21,"KSA BPS 2022",manual,baseline,Valid,-,"Sumber: Survei KSA BPS, Angka Tetap","2026-08-07 17:21:18","2026-08-07 17:21:18"
2022,"Kota Surabaya",3578,"1,447.98","8,117.31","4,687.10",56.06,"KSA BPS 2022",manual,baseline,Valid,-,"Sumber: Survei KSA BPS, Angka Tetap","2026-08-07 17:21:18","2026-08-07 17:21:18"
2022,Lamongan,3524,"150,903.40","903,882.29","521,919.84",59.90,"KSA BPS 2022",manual,baseline,Valid,-,"Sumber: Survei KSA BPS, Angka Tetap","2026-08-07 17:21:18","2026-08-07 17:21:18"
2022,Lumajang,3508,"55,042.50","300,829.01","173,704.72",54.65,"KSA BPS 2022",manual,baseline,Valid,-,"Sumber: Survei KSA BPS, Angka Tetap","2026-08-07 17:21:18","2026-08-07 17:21:18"
2022,Madiun,3519,"73,061.53","401,573.69","231,876.72",54.96,"KSA BPS 2022",manual,baseline,Valid,-,"Sumber: Survei KSA BPS, Angka Tetap","2026-08-07 17:21:18","2026-08-07 17:21:18"
2022,Magetan,3520,"43,965.49","266,699.89","153,997.90",60.66,"KSA BPS 2022",manual,baseline,Valid,-,"Sumber: Survei KSA BPS, Angka Tetap","2026-08-07 17:21:18","2026-08-07 17:21:18"
2022,Malang,3507,"45,901.91","271,606.78","156,831.20",59.17,"KSA BPS 2022",manual,baseline,Valid,-,"Sumber: Survei KSA BPS, Angka Tetap","2026-08-07 17:21:18","2026-08-07 17:21:18"
2022,Mojokerto,3516,"49,395.45","281,829.41","162,733.96",57.06,"KSA BPS 2022",manual,baseline,Valid,-,"Sumber: Survei KSA BPS, Angka Tetap","2026-08-07 17:21:18","2026-08-07 17:21:18"
2022,Nganjuk,3518,"70,331.77","376,476.43","217,385.07",53.53,"KSA BPS 2022",manual,baseline,Valid,-,"Sumber: Survei KSA BPS, Angka Tetap","2026-08-07 17:21:18","2026-08-07 17:21:18"
2022,Ngawi,3521,"128,585.79","755,938.95","436,494.35",58.79,"KSA BPS 2022",manual,baseline,Valid,-,"Sumber: Survei KSA BPS, Angka Tetap","2026-08-07 17:21:19","2026-08-07 17:21:19"
2022,Pacitan,3501,"17,831.47","90,428.21","52,215.06",50.71,"KSA BPS 2022",manual,baseline,Valid,-,"Sumber: Survei KSA BPS, Angka Tetap","2026-08-07 17:21:19","2026-08-07 17:21:19"
2022,Pamekasan,3528,"20,497.42","107,648.71","62,158.54",52.52,"KSA BPS 2022",manual,baseline,Valid,-,"Sumber: Survei KSA BPS, Angka Tetap","2026-08-07 17:21:19","2026-08-07 17:21:19"
2022,Pasuruan,3514,"47,384.82","247,255.72","142,770.43",52.18,"KSA BPS 2022",manual,baseline,Valid,-,"Sumber: Survei KSA BPS, Angka Tetap","2026-08-07 17:21:19","2026-08-07 17:21:19"
2022,Ponorogo,3502,"62,964.37","359,413.77","207,532.72",57.08,"KSA BPS 2022",manual,baseline,Valid,-,"Sumber: Survei KSA BPS, Angka Tetap","2026-08-07 17:21:19","2026-08-07 17:21:19"
2022,Probolinggo,3513,"33,503.12","185,412.51","107,060.91",55.34,"KSA BPS 2022",manual,baseline,Valid,-,"Sumber: Survei KSA BPS, Angka Tetap","2026-08-07 17:21:19","2026-08-07 17:21:19"
2022,Sampang,3527,"34,880.84","172,494.38","99,601.72",49.45,"KSA BPS 2022",manual,baseline,Valid,-,"Sumber: Survei KSA BPS, Angka Tetap","2026-08-07 17:21:19","2026-08-07 17:21:19"
2022,Sidoarjo,3515,"31,368.74","194,540.45","112,331.58",62.02,"KSA BPS 2022",manual,baseline,Valid,-,"Sumber: Survei KSA BPS, Angka Tetap","2026-08-07 17:21:19","2026-08-07 17:21:19"
2022,Situbondo,3512,"26,784.22","141,628.00","81,778.89",52.88,"KSA BPS 2022",manual,baseline,Valid,-,"Sumber: Survei KSA BPS, Angka Tetap","2026-08-07 17:21:19","2026-08-07 17:21:19"
2022,Sumenep,3529,"41,835.41","230,581.31","133,142.30",55.12,"KSA BPS 2022",manual,baseline,Valid,-,"Sumber: Survei KSA BPS, Angka Tetap","2026-08-07 17:21:19","2026-08-07 17:21:19"
2022,Trenggalek,3503,"22,026.97","115,758.01","66,841.00",52.55,"KSA BPS 2022",manual,baseline,Valid,-,"Sumber: Survei KSA BPS, Angka Tetap","2026-08-07 17:21:19","2026-08-07 17:21:19"
2022,Tuban,3523,"85,288.02","498,938.59","288,097.19",58.50,"KSA BPS 2022",manual,baseline,Valid,-,"Sumber: Survei KSA BPS, Angka Tetap","2026-08-07 17:21:19","2026-08-07 17:21:19"
2022,Tulungagung,3504,"39,531.25","207,217.26","119,651.42",52.42,"KSA BPS 2022",manual,baseline,Valid,-,"Sumber: Survei KSA BPS, Angka Tetap","2026-08-07 17:21:19","2026-08-07 17:21:19"
2021,Bangkalan,3526,"42,110.04","195,323.29","112,783.60",46.38,"KSA BPS 2021",manual,baseline,Valid,-,"Sumber: Survei KSA BPS, Angka Tetap","2026-08-07 17:21:18","2026-08-07 17:21:18"
2021,Banyuwangi,3510,"89,125.20","513,490.07","296,499.51",57.61,"KSA BPS 2021",manual,baseline,Valid,-,"Sumber: Survei KSA BPS, Angka Tetap","2026-08-07 17:21:18","2026-08-07 17:21:18"
2021,Blitar,3505,"38,640.60","247,366.27","142,834.27",64.02,"KSA BPS 2021",manual,baseline,Valid,-,"Sumber: Survei KSA BPS, Angka Tetap","2026-08-07 17:21:18","2026-08-07 17:21:18"
2021,Bojonegoro,3522,"134,609.22","674,002.00","389,182.32",50.07,"KSA BPS 2021",manual,baseline,Valid,-,"Sumber: Survei KSA BPS, Angka Tetap","2026-08-07 17:21:18","2026-08-07 17:21:18"
2021,Bondowoso,3511,"51,620.95","258,951.46","149,523.79",50.16,"KSA BPS 2021",manual,baseline,Valid,-,"Sumber: Survei KSA BPS, Angka Tetap","2026-08-07 17:21:18","2026-08-07 17:21:18"
2021,Gresik,3525,"61,394.39","379,666.19","219,226.91",61.84,"KSA BPS 2021",manual,baseline,Valid,-,"Sumber: Survei KSA BPS, Angka Tetap","2026-08-07 17:21:18","2026-08-07 17:21:18"
2021,Jember,3509,"124,027.77","615,697.87","355,516.37",49.64,"KSA BPS 2021",manual,baseline,Valid,-,"Sumber: Survei KSA BPS, Angka Tetap","2026-08-07 17:21:18","2026-08-07 17:21:18"
2021,Jombang,3517,"54,968.44","326,826.64","188,716.29",59.46,"KSA BPS 2021",manual,baseline,Valid,-,"Sumber: Survei KSA BPS, Angka Tetap","2026-08-07 17:21:18","2026-08-07 17:21:18"
2021,Kediri,3506,"35,113.22","198,222.01","114,457.39",56.45,"KSA BPS 2021",manual,baseline,Valid,-,"Sumber: Survei KSA BPS, Angka Tetap","2026-08-07 17:21:18","2026-08-07 17:21:18"
2021,"Kota Batu",3579,825.39,"5,750.19","3,320.29",69.67,"KSA BPS 2021",manual,baseline,Valid,-,"Sumber: Survei KSA BPS, Angka Tetap","2026-08-07 17:21:18","2026-08-07 17:21:18"
2021,"Kota Blitar",3572,884.95,"5,793.30","3,345.17",65.46,"KSA BPS 2021",manual,baseline,Valid,-,"Sumber: Survei KSA BPS, Angka Tetap","2026-08-07 17:21:18","2026-08-07 17:21:18"
2021,"Kota Kediri",3571,"1,735.30","9,534.86","5,505.62",54.95,"KSA BPS 2021",manual,baseline,Valid,-,"Sumber: Survei KSA BPS, Angka Tetap","2026-08-07 17:21:18","2026-08-07 17:21:18"
2021,"Kota Madiun",3577,"1,595.35","13,505.81","7,798.52",84.66,"KSA BPS 2021",manual,baseline,Valid,-,"Sumber: Survei KSA BPS, Angka Tetap","2026-08-07 17:21:18","2026-08-07 17:21:18"
2021,"Kota Malang",3573,"1,791.43","11,311.40","6,531.42",63.14,"KSA BPS 2021",manual,baseline,Valid,-,"Sumber: Survei KSA BPS, Angka Tetap","2026-08-07 17:21:18","2026-08-07 17:21:18"
2021,"Kota Mojokerto",3576,754.27,"4,414.93","2,549.27",58.53,"KSA BPS 2021",manual,baseline,Valid,-,"Sumber: Survei KSA BPS, Angka Tetap","2026-08-07 17:21:18","2026-08-07 17:21:18"
2021,"Kota Pasuruan",3575,"1,553.82","8,304.59","4,795.24",53.45,"KSA BPS 2021",manual,baseline,Valid,-,"Sumber: Survei KSA BPS, Angka Tetap","2026-08-07 17:21:18","2026-08-07 17:21:18"
2021,"Kota Probolinggo",3574,"1,530.83","8,924.08","5,152.96",58.30,"KSA BPS 2021",manual,baseline,Valid,-,"Sumber: Survei KSA BPS, Angka Tetap","2026-08-07 17:21:18","2026-08-07 17:21:18"
2021,"Kota Surabaya",3578,"1,736.08","9,832.67","5,677.59",56.64,"KSA BPS 2021",manual,baseline,Valid,-,"Sumber: Survei KSA BPS, Angka Tetap","2026-08-07 17:21:18","2026-08-07 17:21:18"
2021,Lamongan,3524,"138,450.43","792,662.09","457,699.04",57.25,"KSA BPS 2021",manual,baseline,Valid,-,"Sumber: Survei KSA BPS, Angka Tetap","2026-08-07 17:21:18","2026-08-07 17:21:18"
2021,Lumajang,3508,"56,671.26","295,075.52","170,382.55",52.07,"KSA BPS 2021",manual,baseline,Valid,-,"Sumber: Survei KSA BPS, Angka Tetap","2026-08-07 17:21:18","2026-08-07 17:21:18"
2021,Madiun,3519,"75,713.29","461,798.12","266,651.51",60.99,"KSA BPS 2021",manual,baseline,Valid,-,"Sumber: Survei KSA BPS, Angka Tetap","2026-08-07 17:21:18","2026-08-07 17:21:18"
2021,Magetan,3520,"48,487.59","307,279.68","177,429.45",63.37,"KSA BPS 2021",manual,baseline,Valid,-,"Sumber: Survei KSA BPS, Angka Tetap","2026-08-07 17:21:18","2026-08-07 17:21:18"
2021,Malang,3507,"45,344.49","273,358.61","157,842.77",60.28,"KSA BPS 2021",manual,baseline,Valid,-,"Sumber: Survei KSA BPS, Angka Tetap","2026-08-07 17:21:18","2026-08-07 17:21:18"
2021,Mojokerto,3516,"51,258.22","297,042.32","171,518.24",57.95,"KSA BPS 2021",manual,baseline,Valid,-,"Sumber: Survei KSA BPS, Angka Tetap","2026-08-07 17:21:18","2026-08-07 17:21:18"
2021,Nganjuk,3518,"72,439.86","429,311.01","247,892.80",59.26,"KSA BPS 2021",manual,baseline,Valid,-,"Sumber: Survei KSA BPS, Angka Tetap","2026-08-07 17:21:18","2026-08-07 17:21:18"
2021,Ngawi,3521,"128,737.95","786,475.65","454,126.86",61.09,"KSA BPS 2021",manual,baseline,Valid,-,"Sumber: Survei KSA BPS, Angka Tetap","2026-08-07 17:21:18","2026-08-07 17:21:18"
2021,Pacitan,3501,"18,894.01","88,116.57","50,880.29",46.64,"KSA BPS 2021",manual,baseline,Valid,-,"Sumber: Survei KSA BPS, Angka Tetap","2026-08-07 17:21:18","2026-08-07 17:21:18"
2021,Pamekasan,3528,"18,925.74","96,723.97","55,850.36",51.11,"KSA BPS 2021",manual,baseline,Valid,-,"Sumber: Survei KSA BPS, Angka Tetap","2026-08-07 17:21:18","2026-08-07 17:21:18"
2021,Pasuruan,3514,"50,305.51","264,950.78","152,987.93",52.67,"KSA BPS 2021",manual,baseline,Valid,-,"Sumber: Survei KSA BPS, Angka Tetap","2026-08-07 17:21:18","2026-08-07 17:21:18"
2021,Ponorogo,3502,"68,741.09","404,665.04","233,661.75",58.87,"KSA BPS 2021",manual,baseline,Valid,-,"Sumber: Survei KSA BPS, Angka Tetap","2026-08-07 17:21:18","2026-08-07 17:21:18"
2021,Probolinggo,3513,"37,043.19","190,180.14","109,813.84",51.34,"KSA BPS 2021",manual,baseline,Valid,-,"Sumber: Survei KSA BPS, Angka Tetap","2026-08-07 17:21:18","2026-08-07 17:21:18"
2021,Sampang,3527,"38,151.91","195,600.69","112,943.75",51.27,"KSA BPS 2021",manual,baseline,Valid,-,"Sumber: Survei KSA BPS, Angka Tetap","2026-08-07 17:21:18","2026-08-07 17:21:18"
2021,Sidoarjo,3515,"32,586.19","202,501.40","116,928.41",62.14,"KSA BPS 2021",manual,baseline,Valid,-,"Sumber: Survei KSA BPS, Angka Tetap","2026-08-07 17:21:18","2026-08-07 17:21:18"
2021,Situbondo,3512,"30,388.14","151,157.12","87,281.16",49.74,"KSA BPS 2021",manual,baseline,Valid,-,"Sumber: Survei KSA BPS, Angka Tetap","2026-08-07 17:21:18","2026-08-07 17:21:18"
2021,Sumenep,3529,"40,298.59","221,979.41","128,175.38",55.08,"KSA BPS 2021",manual,baseline,Valid,-,"Sumber: Survei KSA BPS, Angka Tetap","2026-08-07 17:21:18","2026-08-07 17:21:18"
2021,Trenggalek,3503,"22,491.95","116,456.34","67,244.24",51.78,"KSA BPS 2021",manual,baseline,Valid,-,"Sumber: Survei KSA BPS, Angka Tetap","2026-08-07 17:21:18","2026-08-07 17:21:18"
2021,Tuban,3523,"88,049.64","489,418.62","282,600.18",55.58,"KSA BPS 2021",manual,baseline,Valid,-,"Sumber: Survei KSA BPS, Angka Tetap","2026-08-07 17:21:18","2026-08-07 17:21:18"
2021,Tulungagung,3504,"39,850.76","237,916.96","137,378.06",59.70,"KSA BPS 2021",manual,baseline,Valid,-,"Sumber: Survei KSA BPS, Angka Tetap","2026-08-07 17:21:18","2026-08-07 17:21:18"
2020,Bangkalan,3526,"44,047.57","207,294.89","119,696.25",47.06,"KSA BPS 2020",manual,baseline,Valid,-,"Sumber: Survei KSA BPS, Angka Tetap","2026-08-07 17:21:18","2026-08-07 17:21:18"
2020,Banyuwangi,3510,"83,992.78","470,832.63","271,868.24",56.06,"KSA BPS 2020",manual,baseline,Valid,-,"Sumber: Survei KSA BPS, Angka Tetap","2026-08-07 17:21:18","2026-08-07 17:21:18"
2020,Blitar,3505,"34,794.97","196,847.53","113,663.73",56.57,"KSA BPS 2020",manual,baseline,Valid,-,"Sumber: Survei KSA BPS, Angka Tetap","2026-08-07 17:21:18","2026-08-07 17:21:18"
2020,Bojonegoro,3522,"135,635.02","728,915.12","420,890.28",53.74,"KSA BPS 2020",manual,baseline,Valid,-,"Sumber: Survei KSA BPS, Angka Tetap","2026-08-07 17:21:18","2026-08-07 17:21:18"
2020,Bondowoso,3511,"54,209.66","261,018.48","150,717.32",48.15,"KSA BPS 2020",manual,baseline,Valid,-,"Sumber: Survei KSA BPS, Angka Tetap","2026-08-07 17:21:18","2026-08-07 17:21:18"
2020,Gresik,3525,"67,010.80","407,716.63","235,423.81",60.84,"KSA BPS 2020",manual,baseline,Valid,-,"Sumber: Survei KSA BPS, Angka Tetap","2026-08-07 17:21:18","2026-08-07 17:21:18"
2020,Jember,3509,"121,605.87","590,263.37","340,829.97",48.54,"KSA BPS 2020",manual,baseline,Valid,-,"Sumber: Survei KSA BPS, Angka Tetap","2026-08-07 17:21:18","2026-08-07 17:21:18"
2020,Jombang,3517,"55,793.12","343,163.90","198,149.75",61.51,"KSA BPS 2020",manual,baseline,Valid,-,"Sumber: Survei KSA BPS, Angka Tetap","2026-08-07 17:21:18","2026-08-07 17:21:18"
2020,Kediri,3506,"36,363.62","215,913.41","124,672.75",59.38,"KSA BPS 2020",manual,baseline,Valid,-,"Sumber: Survei KSA BPS, Angka Tetap","2026-08-07 17:21:18","2026-08-07 17:21:18"
2020,"Kota Batu",3579,750.11,"4,988.40","2,880.40",66.50,"KSA BPS 2020",manual,baseline,Valid,-,"Sumber: Survei KSA BPS, Angka Tetap","2026-08-07 17:21:18","2026-08-07 17:21:18"
2020,"Kota Blitar",3572,771.27,"5,274.24","3,045.44",68.38,"KSA BPS 2020",manual,baseline,Valid,-,"Sumber: Survei KSA BPS, Angka Tetap","2026-08-07 17:21:18","2026-08-07 17:21:18"
2020,"Kota Kediri",3571,"1,686.21","10,283.81","5,938.08",60.99,"KSA BPS 2020",manual,baseline,Valid,-,"Sumber: Survei KSA BPS, Angka Tetap","2026-08-07 17:21:18","2026-08-07 17:21:18"
2020,"Kota Madiun",3577,"2,313.68","15,166.53","8,757.47",65.55,"KSA BPS 2020",manual,baseline,Valid,-,"Sumber: Survei KSA BPS, Angka Tetap","2026-08-07 17:21:18","2026-08-07 17:21:18"
2020,"Kota Malang",3573,"1,738.53","11,723.75","6,769.53",67.43,"KSA BPS 2020",manual,baseline,Valid,-,"Sumber: Survei KSA BPS, Angka Tetap","2026-08-07 17:21:18","2026-08-07 17:21:18"
2020,"Kota Mojokerto",3576,733.26,"4,461.78","2,576.31",60.85,"KSA BPS 2020",manual,baseline,Valid,-,"Sumber: Survei KSA BPS, Angka Tetap","2026-08-07 17:21:18","2026-08-07 17:21:18"
2020,"Kota Pasuruan",3575,"1,648.68","10,115.21","5,840.73",61.35,"KSA BPS 2020",manual,baseline,Valid,-,"Sumber: Survei KSA BPS, Angka Tetap","2026-08-07 17:21:18","2026-08-07 17:21:18"
2020,"Kota Probolinggo",3574,"1,449.75","7,543.19","4,355.59",52.03,"KSA BPS 2020",manual,baseline,Valid,-,"Sumber: Survei KSA BPS, Angka Tetap","2026-08-07 17:21:18","2026-08-07 17:21:18"
2020,"Kota Surabaya",3578,"1,865.64","11,138.05","6,431.33",59.70,"KSA BPS 2020",manual,baseline,Valid,-,"Sumber: Survei KSA BPS, Angka Tetap","2026-08-07 17:21:18","2026-08-07 17:21:18"
2020,Lamongan,3524,"148,030.90","886,060.99","511,629.45",59.86,"KSA BPS 2020",manual,baseline,Valid,-,"Sumber: Survei KSA BPS, Angka Tetap","2026-08-07 17:21:18","2026-08-07 17:21:18"
2020,Lumajang,3508,"53,781.48","290,688.21","167,849.24",54.05,"KSA BPS 2020",manual,baseline,Valid,-,"Sumber: Survei KSA BPS, Angka Tetap","2026-08-07 17:21:18","2026-08-07 17:21:18"
2020,Madiun,3519,"73,000.03","446,052.38","257,559.64",61.10,"KSA BPS 2020",manual,baseline,Valid,-,"Sumber: Survei KSA BPS, Angka Tetap","2026-08-07 17:21:18","2026-08-07 17:21:18"
2020,Magetan,3520,"46,821.62","309,053.07","178,453.47",66.01,"KSA BPS 2020",manual,baseline,Valid,-,"Sumber: Survei KSA BPS, Angka Tetap","2026-08-07 17:21:18","2026-08-07 17:21:18"
2020,Malang,3507,"46,121.03","274,389.82","158,438.20",59.49,"KSA BPS 2020",manual,baseline,Valid,-,"Sumber: Survei KSA BPS, Angka Tetap","2026-08-07 17:21:18","2026-08-07 17:21:18"
2020,Mojokerto,3516,"54,504.65","312,686.37","180,551.40",57.37,"KSA BPS 2020",manual,baseline,Valid,-,"Sumber: Survei KSA BPS, Angka Tetap","2026-08-07 17:21:18","2026-08-07 17:21:18"
2020,Nganjuk,3518,"71,155.01","436,884.05","252,265.66",61.40,"KSA BPS 2020",manual,baseline,Valid,-,"Sumber: Survei KSA BPS, Angka Tetap","2026-08-07 17:21:18","2026-08-07 17:21:18"
2020,Ngawi,3521,"125,908.27","837,773.15","483,747.06",66.54,"KSA BPS 2020",manual,baseline,Valid,-,"Sumber: Survei KSA BPS, Angka Tetap","2026-08-07 17:21:18","2026-08-07 17:21:18"
2020,Pacitan,3501,"19,292.31","83,940.90","48,469.17",43.51,"KSA BPS 2020",manual,baseline,Valid,-,"Sumber: Survei KSA BPS, Angka Tetap","2026-08-07 17:21:18","2026-08-07 17:21:18"
2020,Pamekasan,3528,"20,170.12","101,827.44","58,797.21",50.48,"KSA BPS 2020",manual,baseline,Valid,-,"Sumber: Survei KSA BPS, Angka Tetap","2026-08-07 17:21:18","2026-08-07 17:21:18"
2020,Pasuruan,3514,"53,127.08","272,936.27","157,598.88",51.37,"KSA BPS 2020",manual,baseline,Valid,-,"Sumber: Survei KSA BPS, Angka Tetap","2026-08-07 17:21:18","2026-08-07 17:21:18"
2020,Ponorogo,3502,"65,073.25","377,333.20","217,879.79",57.99,"KSA BPS 2020",manual,baseline,Valid,-,"Sumber: Survei KSA BPS, Angka Tetap","2026-08-07 17:21:18","2026-08-07 17:21:18"
2020,Probolinggo,3513,"36,925.53","192,600.06","111,211.15",52.16,"KSA BPS 2020",manual,baseline,Valid,-,"Sumber: Survei KSA BPS, Angka Tetap","2026-08-07 17:21:18","2026-08-07 17:21:18"
2020,Sampang,3527,"37,792.37","191,735.47","110,711.93",50.73,"KSA BPS 2020",manual,baseline,Valid,-,"Sumber: Survei KSA BPS, Angka Tetap","2026-08-07 17:21:18","2026-08-07 17:21:18"
2020,Sidoarjo,3515,"34,321.14","209,109.93","120,744.28",60.93,"KSA BPS 2020",manual,baseline,Valid,-,"Sumber: Survei KSA BPS, Angka Tetap","2026-08-07 17:21:18","2026-08-07 17:21:18"
2020,Situbondo,3512,"30,529.30","159,928.19","92,345.76",52.39,"KSA BPS 2020",manual,baseline,Valid,-,"Sumber: Survei KSA BPS, Angka Tetap","2026-08-07 17:21:18","2026-08-07 17:21:18"
2020,Sumenep,3529,"42,754.10","228,980.21","132,217.78",53.56,"KSA BPS 2020",manual,baseline,Valid,-,"Sumber: Survei KSA BPS, Angka Tetap","2026-08-07 17:21:18","2026-08-07 17:21:18"
2020,Trenggalek,3503,"19,630.82","108,445.62","62,618.70",55.24,"KSA BPS 2020",manual,baseline,Valid,-,"Sumber: Survei KSA BPS, Angka Tetap","2026-08-07 17:21:18","2026-08-07 17:21:18"
2020,Tuban,3523,"92,341.72","507,053.88","292,783.12",54.91,"KSA BPS 2020",manual,baseline,Valid,-,"Sumber: Survei KSA BPS, Angka Tetap","2026-08-07 17:21:18","2026-08-07 17:21:18"
2020,Tulungagung,3504,"36,689.03","214,398.13","123,797.80",58.44,"KSA BPS 2020",manual,baseline,Valid,-,"Sumber: Survei KSA BPS, Angka Tetap","2026-08-07 17:21:18","2026-08-07 17:21:18"
2019,Bangkalan,3526,"39,854.38","201,620.00","115,819.74",50.59,"KSA BPS 2019",manual,baseline,Valid,-,"Sumber: Survei KSA BPS, Angka Tetap","2026-08-07 17:21:17","2026-08-07 17:21:17"
2019,Banyuwangi,3510,"81,552.77","445,253.86","255,774.13",54.60,"KSA BPS 2019",manual,baseline,Valid,-,"Sumber: Survei KSA BPS, Angka Tetap","2026-08-07 17:21:17","2026-08-07 17:21:17"
2019,Blitar,3505,"36,193.94","224,027.19","128,691.42",61.90,"KSA BPS 2019",manual,baseline,Valid,-,"Sumber: Survei KSA BPS, Angka Tetap","2026-08-07 17:21:17","2026-08-07 17:21:17"
2019,Bojonegoro,3522,"128,863.83","692,073.16","397,558.44",53.71,"KSA BPS 2019",manual,baseline,Valid,-,"Sumber: Survei KSA BPS, Angka Tetap","2026-08-07 17:21:17","2026-08-07 17:21:17"
2019,Bondowoso,3511,"53,458.86","251,371.94","144,399.52",47.02,"KSA BPS 2019",manual,baseline,Valid,-,"Sumber: Survei KSA BPS, Angka Tetap","2026-08-07 17:21:17","2026-08-07 17:21:17"
2019,Gresik,3525,"61,643.05","367,717.66","211,233.83",59.65,"KSA BPS 2019",manual,baseline,Valid,-,"Sumber: Survei KSA BPS, Angka Tetap","2026-08-07 17:21:17","2026-08-07 17:21:17"
2019,Jember,3509,"123,591.19","616,858.41","354,351.63",49.91,"KSA BPS 2019",manual,baseline,Valid,-,"Sumber: Survei KSA BPS, Angka Tetap","2026-08-07 17:21:17","2026-08-07 17:21:17"
2019,Jombang,3517,"56,138.02","344,236.34","197,745.07",61.32,"KSA BPS 2019",manual,baseline,Valid,-,"Sumber: Survei KSA BPS, Angka Tetap","2026-08-07 17:21:17","2026-08-07 17:21:17"
2019,Kediri,3506,"39,448.75","222,837.82","128,008.21",56.49,"KSA BPS 2019",manual,baseline,Valid,-,"Sumber: Survei KSA BPS, Angka Tetap","2026-08-07 17:21:17","2026-08-07 17:21:17"
2019,"Kota Batu",3579,791.96,"5,031.10","2,890.09",63.53,"KSA BPS 2019",manual,baseline,Valid,-,"Sumber: Survei KSA BPS, Angka Tetap","2026-08-07 17:21:17","2026-08-07 17:21:17"
2019,"Kota Blitar",3572,911.72,"6,084.58","3,495.26",66.74,"KSA BPS 2019",manual,baseline,Valid,-,"Sumber: Survei KSA BPS, Angka Tetap","2026-08-07 17:21:17","2026-08-07 17:21:17"
2019,"Kota Kediri",3571,"1,396.04","7,032.99","4,040.08",50.38,"KSA BPS 2019",manual,baseline,Valid,-,"Sumber: Survei KSA BPS, Angka Tetap","2026-08-07 17:21:17","2026-08-07 17:21:17"
2019,"Kota Madiun",3577,"1,302.28","8,259.39","4,744.56",63.42,"KSA BPS 2019",manual,baseline,Valid,-,"Sumber: Survei KSA BPS, Angka Tetap","2026-08-07 17:21:17","2026-08-07 17:21:17"
2019,"Kota Malang",3573,"2,019.48","13,909.70","7,990.37",68.88,"KSA BPS 2019",manual,baseline,Valid,-,"Sumber: Survei KSA BPS, Angka Tetap","2026-08-07 17:21:17","2026-08-07 17:21:17"
2019,"Kota Mojokerto",3576,700.93,"3,565.88","2,048.41",50.87,"KSA BPS 2019",manual,baseline,Valid,-,"Sumber: Survei KSA BPS, Angka Tetap","2026-08-07 17:21:17","2026-08-07 17:21:17"
2019,"Kota Pasuruan",3575,"2,055.26","10,804.71","6,206.74",52.57,"KSA BPS 2019",manual,baseline,Valid,-,"Sumber: Survei KSA BPS, Angka Tetap","2026-08-07 17:21:17","2026-08-07 17:21:17"
2019,"Kota Probolinggo",3574,"1,402.28","7,165.20","4,116.02",51.10,"KSA BPS 2019",manual,baseline,Valid,-,"Sumber: Survei KSA BPS, Angka Tetap","2026-08-07 17:21:17","2026-08-07 17:21:17"
2019,"Kota Surabaya",3578,"1,724.45","9,596.78","5,512.82",55.65,"KSA BPS 2019",manual,baseline,Valid,-,"Sumber: Survei KSA BPS, Angka Tetap","2026-08-07 17:21:17","2026-08-07 17:21:17"
2019,Lamongan,3524,"140,463.58","839,724.43","482,376.06",59.78,"KSA BPS 2019",manual,baseline,Valid,-,"Sumber: Survei KSA BPS, Angka Tetap","2026-08-07 17:21:17","2026-08-07 17:21:17"
2019,Lumajang,3508,"53,466.40","283,894.22","163,081.81",53.10,"KSA BPS 2019",manual,baseline,Valid,-,"Sumber: Survei KSA BPS, Angka Tetap","2026-08-07 17:21:17","2026-08-07 17:21:17"
2019,Madiun,3519,"68,014.65","419,292.44","240,860.75",61.65,"KSA BPS 2019",manual,baseline,Valid,-,"Sumber: Survei KSA BPS, Angka Tetap","2026-08-07 17:21:17","2026-08-07 17:21:17"
2019,Magetan,3520,"42,231.51","260,671.35","149,741.51",61.72,"KSA BPS 2019",manual,baseline,Valid,-,"Sumber: Survei KSA BPS, Angka Tetap","2026-08-07 17:21:17","2026-08-07 17:21:17"
2019,Malang,3507,"48,397.75","281,072.26","161,460.74",58.08,"KSA BPS 2019",manual,baseline,Valid,-,"Sumber: Survei KSA BPS, Angka Tetap","2026-08-07 17:21:17","2026-08-07 17:21:17"
2019,Mojokerto,3516,"54,993.37","339,755.88","195,171.28",61.78,"KSA BPS 2019",manual,baseline,Valid,-,"Sumber: Survei KSA BPS, Angka Tetap","2026-08-07 17:21:17","2026-08-07 17:21:17"
2019,Nganjuk,3518,"65,066.04","399,845.68","229,689.62",61.45,"KSA BPS 2019",manual,baseline,Valid,-,"Sumber: Survei KSA BPS, Angka Tetap","2026-08-07 17:21:17","2026-08-07 17:21:17"
2019,Ngawi,3521,"122,500.97","777,190.36","446,453.64",63.44,"KSA BPS 2019",manual,baseline,Valid,-,"Sumber: Survei KSA BPS, Angka Tetap","2026-08-07 17:21:17","2026-08-07 17:21:17"
2019,Pacitan,3501,"20,504.49","91,941.66","52,815.50",44.84,"KSA BPS 2019",manual,baseline,Valid,-,"Sumber: Survei KSA BPS, Angka Tetap","2026-08-07 17:21:17","2026-08-07 17:21:17"
2019,Pamekasan,3528,"20,169.17","91,313.32","52,454.55",45.27,"KSA BPS 2019",manual,baseline,Valid,-,"Sumber: Survei KSA BPS, Angka Tetap","2026-08-07 17:21:17","2026-08-07 17:21:17"
2019,Pasuruan,3514,"53,788.66","269,463.05","154,791.90",50.10,"KSA BPS 2019",manual,baseline,Valid,-,"Sumber: Survei KSA BPS, Angka Tetap","2026-08-07 17:21:17","2026-08-07 17:21:17"
2019,Ponorogo,3502,"58,080.19","322,205.50","185,089.55",55.48,"KSA BPS 2019",manual,baseline,Valid,-,"Sumber: Survei KSA BPS, Angka Tetap","2026-08-07 17:21:17","2026-08-07 17:21:17"
2019,Probolinggo,3513,"39,464.38","193,774.50","111,312.93",49.10,"KSA BPS 2019",manual,baseline,Valid,-,"Sumber: Survei KSA BPS, Angka Tetap","2026-08-07 17:21:17","2026-08-07 17:21:17"
2019,Sampang,3527,"33,052.04","156,219.52","89,739.63",47.26,"KSA BPS 2019",manual,baseline,Valid,-,"Sumber: Survei KSA BPS, Angka Tetap","2026-08-07 17:21:17","2026-08-07 17:21:17"
2019,Sidoarjo,3515,"34,287.25","234,788.11","134,873.02",68.48,"KSA BPS 2019",manual,baseline,Valid,-,"Sumber: Survei KSA BPS, Angka Tetap","2026-08-07 17:21:17","2026-08-07 17:21:17"
2019,Situbondo,3512,"30,225.88","167,665.54","96,314.72",55.47,"KSA BPS 2019",manual,baseline,Valid,-,"Sumber: Survei KSA BPS, Angka Tetap","2026-08-07 17:21:17","2026-08-07 17:21:17"
2019,Sumenep,3529,"38,411.97","186,090.84","106,899.08",48.45,"KSA BPS 2019",manual,baseline,Valid,-,"Sumber: Survei KSA BPS, Angka Tetap","2026-08-07 17:21:17","2026-08-07 17:21:17"
2019,Trenggalek,3503,"20,474.89","112,213.57","64,460.60",54.81,"KSA BPS 2019",manual,baseline,Valid,-,"Sumber: Survei KSA BPS, Angka Tetap","2026-08-07 17:21:18","2026-08-07 17:21:18"
2019,Tuban,3523,"91,199.72","519,934.36","298,674.03",57.01,"KSA BPS 2019",manual,baseline,Valid,-,"Sumber: Survei KSA BPS, Angka Tetap","2026-08-07 17:21:18","2026-08-07 17:21:18"
2019,Tulungagung,3504,"34,584.26","196,430.58","112,838.68",56.80,"KSA BPS 2019",manual,baseline,Valid,-,"Sumber: Survei KSA BPS, Angka Tetap","2026-08-07 17:21:18","2026-08-07 17:21:18"
2018,Bangkalan,3526,"40,957.48","243,711.73","139,999.12",59.50,"KSA BPS 2018",manual,baseline,Valid,-,"Sumber: Survei KSA BPS, Angka Tetap","2026-08-07 17:21:17","2026-08-07 17:21:17"
2018,Banyuwangi,3510,"84,360.77","514,528.78","295,568.84",60.99,"KSA BPS 2018",manual,baseline,Valid,-,"Sumber: Survei KSA BPS, Angka Tetap","2026-08-07 17:21:17","2026-08-07 17:21:17"
2018,Blitar,3505,"37,101.96","224,178.63","128,778.44",60.42,"KSA BPS 2018",manual,baseline,Valid,-,"Sumber: Survei KSA BPS, Angka Tetap","2026-08-07 17:21:17","2026-08-07 17:21:17"
2018,Bojonegoro,3522,"134,770.38","752,513.40","432,278.06",55.84,"KSA BPS 2018",manual,baseline,Valid,-,"Sumber: Survei KSA BPS, Angka Tetap","2026-08-07 17:21:17","2026-08-07 17:21:17"
2018,Bondowoso,3511,"49,799.08","253,835.28","145,814.57",50.97,"KSA BPS 2018",manual,baseline,Valid,-,"Sumber: Survei KSA BPS, Angka Tetap","2026-08-07 17:21:17","2026-08-07 17:21:17"
2018,Gresik,3525,"57,721.64","351,702.39","202,033.94",60.93,"KSA BPS 2018",manual,baseline,Valid,-,"Sumber: Survei KSA BPS, Angka Tetap","2026-08-07 17:21:17","2026-08-07 17:21:17"
2018,Jember,3509,"125,135.86","688,809.35","395,683.55",55.04,"KSA BPS 2018",manual,baseline,Valid,-,"Sumber: Survei KSA BPS, Angka Tetap","2026-08-07 17:21:17","2026-08-07 17:21:17"
2018,Jombang,3517,"63,300.84","393,773.29","226,201.37",62.21,"KSA BPS 2018",manual,baseline,Valid,-,"Sumber: Survei KSA BPS, Angka Tetap","2026-08-07 17:21:17","2026-08-07 17:21:17"
2018,Kediri,3506,"37,008.78","219,834.83","126,283.16",59.40,"KSA BPS 2018",manual,baseline,Valid,-,"Sumber: Survei KSA BPS, Angka Tetap","2026-08-07 17:21:17","2026-08-07 17:21:17"
2018,"Kota Batu",3579,871.17,"5,869.53","3,371.73",67.38,"KSA BPS 2018",manual,baseline,Valid,-,"Sumber: Survei KSA BPS, Angka Tetap","2026-08-07 17:21:17","2026-08-07 17:21:17"
2018,"Kota Blitar",3572,759.75,"4,871.29","2,798.28",64.12,"KSA BPS 2018",manual,baseline,Valid,-,"Sumber: Survei KSA BPS, Angka Tetap","2026-08-07 17:21:17","2026-08-07 17:21:17"
2018,"Kota Kediri",3571,"1,581.85","10,205.56","5,862.53",64.52,"KSA BPS 2018",manual,baseline,Valid,-,"Sumber: Survei KSA BPS, Angka Tetap","2026-08-07 17:21:17","2026-08-07 17:21:17"
2018,"Kota Madiun",3577,"1,362.01","8,485.37","4,874.40",62.30,"KSA BPS 2018",manual,baseline,Valid,-,"Sumber: Survei KSA BPS, Angka Tetap","2026-08-07 17:21:17","2026-08-07 17:21:17"
2018,"Kota Malang",3573,"1,857.02","11,850.09","6,807.24",63.81,"KSA BPS 2018",manual,baseline,Valid,-,"Sumber: Survei KSA BPS, Angka Tetap","2026-08-07 17:21:17","2026-08-07 17:21:17"
2018,"Kota Mojokerto",3576,730.32,"4,182.15","2,402.42",57.26,"KSA BPS 2018",manual,baseline,Valid,-,"Sumber: Survei KSA BPS, Angka Tetap","2026-08-07 17:21:17","2026-08-07 17:21:17"
2018,"Kota Pasuruan",3575,"1,819.04","11,846.57","6,805.21",65.13,"KSA BPS 2018",manual,baseline,Valid,-,"Sumber: Survei KSA BPS, Angka Tetap","2026-08-07 17:21:17","2026-08-07 17:21:17"
2018,"Kota Probolinggo",3574,"1,165.41","5,747.01","3,301.34",49.31,"KSA BPS 2018",manual,baseline,Valid,-,"Sumber: Survei KSA BPS, Angka Tetap","2026-08-07 17:21:17","2026-08-07 17:21:17"
2018,"Kota Surabaya",3578,"2,687.21","14,474.53","8,314.85",53.86,"KSA BPS 2018",manual,baseline,Valid,-,"Sumber: Survei KSA BPS, Angka Tetap","2026-08-07 17:21:17","2026-08-07 17:21:17"
2018,Lamongan,3524,"144,781.98","896,652.91","515,078.37",61.93,"KSA BPS 2018",manual,baseline,Valid,-,"Sumber: Survei KSA BPS, Angka Tetap","2026-08-07 17:21:17","2026-08-07 17:21:17"
2018,Lumajang,3508,"56,617.20","310,736.82","178,501.45",54.88,"KSA BPS 2018",manual,baseline,Valid,-,"Sumber: Survei KSA BPS, Angka Tetap","2026-08-07 17:21:17","2026-08-07 17:21:17"
2018,Madiun,3519,"69,132.72","404,953.10","232,623.53",58.58,"KSA BPS 2018",manual,baseline,Valid,-,"Sumber: Survei KSA BPS, Angka Tetap","2026-08-07 17:21:17","2026-08-07 17:21:17"
2018,Magetan,3520,"45,514.31","289,458.37","166,278.10",63.60,"KSA BPS 2018",manual,baseline,Valid,-,"Sumber: Survei KSA BPS, Angka Tetap","2026-08-07 17:21:17","2026-08-07 17:21:17"
2018,Malang,3507,"50,374.07","288,019.90","165,451.80",57.18,"KSA BPS 2018",manual,baseline,Valid,-,"Sumber: Survei KSA BPS, Angka Tetap","2026-08-07 17:21:17","2026-08-07 17:21:17"
2018,Mojokerto,3516,"52,445.83","317,873.85","182,601.27",60.61,"KSA BPS 2018",manual,baseline,Valid,-,"Sumber: Survei KSA BPS, Angka Tetap","2026-08-07 17:21:17","2026-08-07 17:21:17"
2018,Nganjuk,3518,"65,539.42","395,385.12","227,127.26",60.33,"KSA BPS 2018",manual,baseline,Valid,-,"Sumber: Survei KSA BPS, Angka Tetap","2026-08-07 17:21:17","2026-08-07 17:21:17"
2018,Ngawi,3521,"121,760.76","746,762.60","428,974.56",61.33,"KSA BPS 2018",manual,baseline,Valid,-,"Sumber: Survei KSA BPS, Angka Tetap","2026-08-07 17:21:17","2026-08-07 17:21:17"
2018,Pacitan,3501,"19,311.99","89,684.44","51,518.85",46.44,"KSA BPS 2018",manual,baseline,Valid,-,"Sumber: Survei KSA BPS, Angka Tetap","2026-08-07 17:21:17","2026-08-07 17:21:17"
2018,Pamekasan,3528,"21,977.78","114,179.46","65,589.88",51.95,"KSA BPS 2018",manual,baseline,Valid,-,"Sumber: Survei KSA BPS, Angka Tetap","2026-08-07 17:21:17","2026-08-07 17:21:17"
2018,Pasuruan,3514,"52,562.40","302,466.49","173,750.57",57.54,"KSA BPS 2018",manual,baseline,Valid,-,"Sumber: Survei KSA BPS, Angka Tetap","2026-08-07 17:21:17","2026-08-07 17:21:17"
2018,Ponorogo,3502,"63,443.60","377,263.18","216,717.19",59.46,"KSA BPS 2018",manual,baseline,Valid,-,"Sumber: Survei KSA BPS, Angka Tetap","2026-08-07 17:21:17","2026-08-07 17:21:17"
2018,Probolinggo,3513,"38,415.47","176,575.62","101,433.10",45.96,"KSA BPS 2018",manual,baseline,Valid,-,"Sumber: Survei KSA BPS, Angka Tetap","2026-08-07 17:21:17","2026-08-07 17:21:17"
2018,Sampang,3527,"37,723.93","189,040.08","108,593.25",50.11,"KSA BPS 2018",manual,baseline,Valid,-,"Sumber: Survei KSA BPS, Angka Tetap","2026-08-07 17:21:17","2026-08-07 17:21:17"
2018,Sidoarjo,3515,"37,276.74","248,200.92","142,577.94",66.58,"KSA BPS 2018",manual,baseline,Valid,-,"Sumber: Survei KSA BPS, Angka Tetap","2026-08-07 17:21:17","2026-08-07 17:21:17"
2018,Situbondo,3512,"31,622.51","175,555.17","100,846.91",55.52,"KSA BPS 2018",manual,baseline,Valid,-,"Sumber: Survei KSA BPS, Angka Tetap","2026-08-07 17:21:17","2026-08-07 17:21:17"
2018,Sumenep,3529,"46,193.41","258,284.99","148,370.66",55.91,"KSA BPS 2018",manual,baseline,Valid,-,"Sumber: Survei KSA BPS, Angka Tetap","2026-08-07 17:21:17","2026-08-07 17:21:17"
2018,Trenggalek,3503,"22,732.51","120,574.63","69,263.56",53.04,"KSA BPS 2018",manual,baseline,Valid,-,"Sumber: Survei KSA BPS, Angka Tetap","2026-08-07 17:21:17","2026-08-07 17:21:17"
2018,Tuban,3523,"95,854.59","564,241.12","324,125.86",58.86,"KSA BPS 2018",manual,baseline,Valid,-,"Sumber: Survei KSA BPS, Angka Tetap","2026-08-07 17:21:17","2026-08-07 17:21:17"
2018,Tulungagung,3504,"34,919.88","216,884.62","124,588.43",62.11,"KSA BPS 2018",manual,baseline,Valid,-,"Sumber: Survei KSA BPS, Angka Tetap","2026-08-07 17:21:17","2026-08-07 17:21:17"
